{
  "version": "3.77.30587.0",
  "course_id": "6hxde5QfSeU",
  "title": "knowcheckpara2.2",
  "thumbnail": "story_content/thumbnail.jpg",
  "scenes": [
    {
      "title": "KnowCheckPara2"
    }
  ],
  "slides": [
    {
      "id": "5kcGRA55ocM",
      "title": " An Academic Paragraph should have….",
      "scene_index": "1.1"
    }
  ],
  "player": {
    "name": "unified",
    "width": 740,
    "height": 611
  },
  "stage": {
    "width": 720,
    "height": 540
  }
}