{
  "version": "3.79.30921.0",
  "course_id": "66Kbt9RBH67",
  "title": "Using prewriting tools allow you to…",
  "thumbnail": "story_content/thumbnail.jpg",
  "scenes": [
    {
      "title": "Untitled Scene"
    }
  ],
  "slides": [
    {
      "id": "5UlyXYQu0Ir",
      "title": "Using prewriting tools allow you to…",
      "scene_index": "1.1"
    }
  ],
  "player": {
    "name": "unified",
    "width": 740,
    "height": 611
  },
  "stage": {
    "width": 720,
    "height": 540
  }
}