{
  "version": "3.79.30921.0",
  "course_id": "6TiSsjFQlky",
  "title": "Practice writing your own sentence. ",
  "thumbnail": "story_content/thumbnail.jpg",
  "scenes": [
    {
      "title": "Untitled Scene"
    }
  ],
  "slides": [
    {
      "id": "6nUQaogk0ZX",
      "title": "Practice writing your own sentence. ",
      "scene_index": "1.1"
    }
  ],
  "player": {
    "name": "unified",
    "width": 740,
    "height": 611
  },
  "stage": {
    "width": 720,
    "height": 540
  }
}