﻿<?xml version="1.0" encoding="utf-8"?><meta xmlns:xsi="http://www.w3.org/2001/XMLSchema-instance" xmlns:xsd="http://www.w3.org/2001/XMLSchema"><project id="6GGxTE4Ka5F" courseid="5ccNfgxNK1I" thumburl="story_content/thumbnail.jpg" title="paragraph_interact_526" datepublished="2023-08-28T21:35:04" version="1.0.0.0" flashdata="story_content/data.swf" html5data="mobile/data.json" mobiledata="mobile/data.gz" enabledownload="false" duration="About 5 seconds" totalaudio="0" totalvideo="0"><description>Paragraph Interaction</description><keywords /><slidemeta moniker="slide" monikerplural="slides" viewslides="1" slidecountdescription="1 slide" /><author name="K S" email="" website="" /><application name="Articulate Storyline" version="3.79.30834.0" xmlversion="4.0" /></project></meta>